[{"model": "auth.user", "pk": 1, "fields": {"password": "pbkdf2_sha256$600000$UE6q8gLxwMyxYfgM2GfRU1$TPWQHUXZ3iD1DqXE9E7zxdLcBX9OUxfGOB9ziOHfECw=", "last_login": "2024-02-29T09:37:17.541", "is_superuser": true, "username": "admin", "first_name": "", "last_name": "", "email": "", "is_staff": true, "is_active": true, "date_joined": "2024-02-28T16:31:00.988", "groups": [], "user_permissions": []}}, {"model": "sessions.session", "pk": "45oeqbo46qbzdrv045lq2f8cw1k5tq5x", "fields": {"session_data": ".eJxVjE0OwiAYBe_C2hB-C3Xp3jOQxwdI1dCktCvj3bVJF7p9M_NeLGBba9h6XsKU2JlJdvrdIuiR2w7SHe02c5rbukyR7wo_aOfXOeXn5XD_Dip6_daZnNY-wjiryXihTRKj0Y6MHWP2GAQywUYriiwJCmZIKsIWaJKqgL0_4KA4dg:1rfa2f:HmCKSPBElnbjC0--uEygqSswG3wgOvdgHBZapbAyt_Q", "expire_date": "2024-03-14T09:37:17.544"}}, {"model": "sessions.session", "pk": "d08z2elas23jexvmuk58k7695veerx4a", "fields": {"session_data": ".eJxVjE0OwiAYBe_C2hB-C3Xp3jOQxwdI1dCktCvj3bVJF7p9M_NeLGBba9h6XsKU2JlJdvrdIuiR2w7SHe02c5rbukyR7wo_aOfXOeXn5XD_Dip6_daZnNY-wjiryXihTRKj0Y6MHWP2GAQywUYriiwJCmZIKsIWaJKqgL0_4KA4dg:1rfK2r:VcmE0OGzioo4vARTKZTsPB0BwgwXr9jN1KG7Gjbi1AM", "expire_date": "2024-03-13T16:32:25.389"}}, {"model": "tasks.resultgroup", "pk": "000000067", "fields": {"name": "Сенсус"}}, {"model": "tasks.resultdata", "pk": "000000067", "fields": {"group": "000000067", "name": "НЕТ КОНТАКТА", "control_data": false}}, {"model": "tasks.resultdata", "pk": "000000068", "fields": {"group": "000000067", "name": "АДРЕС НЕ АКТУАЛЕН", "control_data": false}}, {"model": "tasks.resultdata", "pk": "000000069", "fields": {"group": "000000067", "name": "ДАННЫЕ АКТУАЛИЗИРОВАНЫ", "control_data": false}}, {"model": "tasks.result", "pk": 1, "fields": {"base": "00000000001", "type": "meet", "result": "НЕТ КОНТАКТА", "task_number": "00000000001", "contact_person": "", "control_date": null}}, {"model": "tasks.result", "pk": 2, "fields": {"base": "00000000001", "type": "meet", "result": "НЕТ КОНТАКТА", "task_number": "00000000001", "contact_person": "", "control_date": null}}, {"model": "tasks.result", "pk": 3, "fields": {"base": "00000000001", "type": "meet", "result": "НЕТ КОНТАКТА", "task_number": "00000000001", "contact_person": "", "control_date": null}}, {"model": "tasks.result", "pk": 4, "fields": {"base": "00000000001", "type": "meet", "result": "НЕТ КОНТАКТА", "task_number": "00000000001", "contact_person": "", "control_date": null}}, {"model": "tasks.result", "pk": 5, "fields": {"base": "00000000036", "type": "other", "result": "слабый контакт", "task_number": "862d6be7-c9ad-11ee-80f9-00155d50d301", "contact_person": "F00008107", "control_date": "2024-02-29"}}, {"model": "tasks.basics", "pk": "00000000001", "fields": {"name": "Основание 1", "date": "2024-02-28T16:35:11", "group": "000000067"}}, {"model": "tasks.basics", "pk": "00000000036", "fields": {"name": "Основание 1", "date": "2024-02-28T16:35:11", "group": "000000067"}}, {"model": "tasks.partner", "pk": "00395", "fields": {"name": "Ленин Владимир Ильич ИП", "inn": "1313131313"}}, {"model": "tasks.worker", "pk": "ТСО007505", "fields": {"name": "Белов Павел Николаевич", "chat_id": null, "phone": null, "supervisor": null, "controller": true, "partner": null}}, {"model": "tasks.worker", "pk": "ТСО007909", "fields": {"name": "Юмагулов Артур Ильгизович", "chat_id": null, "phone": null, "supervisor": null, "controller": false, "partner": null}}, {"model": "tasks.authorcomments", "pk": 1, "fields": {"comment": "Провести сенсус_http://192.168.80.224/census/f/170?city=%D0%9A%D0%B0%D0%B7%D0%B0%D0%BD%D1%8C&street=%D0%93%D0%B2%D0%B0%D1%80%D0%B4%D0%B5%D0%B9%D1%81%D0%BA%D0%B0%D1%8F%20%D1%83%D0%BB%D0%B8%D1%86%D0%B0&house=55%D0%90&guid=862d6be3-c9ad-11ee-80f9-00155d50d301&name=%D0%93%D0%BB%D0%BE%D0%B1%D0%B0%D0%BB%20%D0%A1%D0%B5%D1%80%D0%B2%D0%B8%D1%81&depart=b2b", "author": "ТСО007505", "created_date": "2024-02-28"}}, {"model": "tasks.workercomments", "pk": 1, "fields": {"comment": "Тест", "worker": "ТСО007909", "created_date": "2024-02-28"}}, {"model": "tasks.workercomments", "pk": 2, "fields": {"comment": "тест_комм", "worker": "ТСО007909", "created_date": "2024-02-29"}}, {"model": "tasks.workercomments", "pk": 3, "fields": {"comment": "тест_комм", "worker": "ТСО007909", "created_date": "2024-02-29"}}, {"model": "tasks.workercomments", "pk": 4, "fields": {"comment": "тест_комм", "worker": "ТСО007909", "created_date": "2024-02-29"}}, {"model": "tasks.workercomments", "pk": 5, "fields": {"comment": "тест_комм", "worker": "ТСО007909", "created_date": "2024-02-29"}}, {"model": "tasks.task", "pk": "00000000001", "fields": {"name": "Задача 1", "date": "2024-02-28T16:32:38", "status": "Выполнено", "deadline": "2024-02-28T16:32:41", "edit_date": "2024-02-29T12:10:35.393", "worker": "ТСО007909", "partner": "00395", "author": "ТСО007505", "author_comment": 1, "worker_comment": 5, "base": "00000000036", "edited": true, "result": 4, "message_id": null}}, {"model": "tasks.task", "pk": "862d6be7-c9ad-11ee-80f9-00155d50d301", "fields": {"name": "Задача 1", "date": "2024-02-28T16:32:38", "status": "Выполнено", "deadline": "2024-02-28T16:32:41", "edit_date": "2024-02-29T12:43:58.367", "worker": "ТСО007909", "partner": "00395", "author": "ТСО007505", "author_comment": 1, "worker_comment": 5, "base": "00000000036", "edited": true, "result": 4, "message_id": null}}, {"model": "census.department", "pk": 1, "fields": {"is_active": true, "name": "b2b"}}, {"model": "census.department", "pk": 2, "fields": {"is_active": true, "name": "b2c"}}, {"model": "census.department", "pk": 3, "fields": {"is_active": true, "name": "industrial"}}, {"model": "census.pointtypes", "pk": 1, "fields": {"is_active": true, "name": "Магазин", "created_date": "2024-02-29", "edit_date": "2024-02-29", "department": [2]}}, {"model": "census.pointtypes", "pk": 2, "fields": {"is_active": true, "name": "Автосервис", "created_date": "2024-02-29", "edit_date": "2024-02-29", "department": [2]}}, {"model": "census.pointvectors", "pk": 1, "fields": {"is_active": true, "name": "Масла", "created_date": "2024-02-28", "edit_date": "2024-02-28", "slug": "masla", "department": [1, 2]}}, {"model": "census.pointvectors", "pk": 6, "fields": {"is_active": true, "name": "Другое", "created_date": "2024-02-28", "edit_date": "2024-02-28", "slug": "drugoe", "department": [1, 2, 3]}}, {"model": "census.pointcategory", "pk": 1, "fields": {"is_active": true, "name": "Добывающая промышленность", "created_date": "2024-02-28", "edit_date": "2024-02-28", "department": [1]}}, {"model": "census.pointcategory", "pk": 2, "fields": {"is_active": true, "name": "Легкая промышленность", "created_date": "2024-02-28", "edit_date": "2024-02-28", "department": [1]}}, {"model": "census.pointcategory", "pk": 3, "fields": {"is_active": true, "name": "Машиностроение", "created_date": "2024-02-28", "edit_date": "2024-02-28", "department": [1]}}, {"model": "census.pointcategory", "pk": 4, "fields": {"is_active": true, "name": "Сельское хозяйство", "created_date": "2024-02-28", "edit_date": "2024-02-28", "department": [1]}}, {"model": "census.pointcategory", "pk": 5, "fields": {"is_active": true, "name": "Грузовой", "created_date": "2024-02-29", "edit_date": "2024-02-29", "department": [2]}}, {"model": "census.pointcategory", "pk": 6, "fields": {"is_active": true, "name": "Легковой", "created_date": "2024-02-29", "edit_date": "2024-02-29", "department": [2]}}, {"model": "census.pointcategory", "pk": 7, "fields": {"is_active": true, "name": "Смешанный", "created_date": "2024-02-29", "edit_date": "2024-02-29", "department": [2]}}, {"model": "census.providerlist", "pk": 1, "fields": {"is_active": true, "name": "Автомир", "created_date": "2024-02-28", "edit_date": "2024-02-28", "department": [1]}}, {"model": "census.providerlist", "pk": 2, "fields": {"is_active": true, "name": "Дизайн-групп", "created_date": "2024-02-28", "edit_date": "2024-02-28", "department": [1]}}, {"model": "census.providerlist", "pk": 3, "fields": {"is_active": true, "name": "Мегаойл", "created_date": "2024-02-28", "edit_date": "2024-02-28", "department": [1]}}, {"model": "census.providerlist", "pk": 4, "fields": {"is_active": true, "name": "Другое", "created_date": "2024-02-28", "edit_date": "2024-02-28", "department": [1, 2]}}, {"model": "census.providerlist", "pk": 5, "fields": {"is_active": true, "name": "ПАРТКОМ", "created_date": "2024-02-29", "edit_date": "2024-02-29", "department": [2]}}, {"model": "census.providerlist", "pk": 6, "fields": {"is_active": true, "name": "Берг", "created_date": "2024-02-29", "edit_date": "2024-02-29", "department": [2]}}, {"model": "census.stotypelist", "pk": 1, "fields": {"is_active": true, "name": "СТО с магазином (выкладка товара)", "created_date": "2024-02-29", "edit_date": "2024-02-29", "department": [2]}}, {"model": "census.stotypelist", "pk": 2, "fields": {"is_active": true, "name": "СТО без магазина", "created_date": "2024-02-29", "edit_date": "2024-02-29", "department": [2]}}, {"model": "census.volume", "pk": 1, "fields": {"is_active": true, "name": "ГОСТ", "created_date": "2024-02-28", "edit_date": "2024-02-28", "department": [1]}}, {"model": "census.volume", "pk": 2, "fields": {"is_active": true, "name": "Фирма", "created_date": "2024-02-28", "edit_date": "2024-02-28", "department": [1]}}, {"model": "census.volume", "pk": 3, "fields": {"is_active": true, "name": "Фирма +", "created_date": "2024-02-28", "edit_date": "2024-02-28", "department": [1]}}, {"model": "census.volume", "pk": 4, "fields": {"is_active": true, "name": "Другое", "created_date": "2024-02-28", "edit_date": "2024-02-28", "department": [1, 2]}}, {"model": "census.equipmentlist", "pk": 1, "fields": {"is_active": true, "name": "Универсальные старые станки", "created_date": "2024-02-28", "edit_date": "2024-02-28", "department": [1]}}, {"model": "census.equipmentlist", "pk": 2, "fields": {"is_active": true, "name": "Современные ЧПУ и центры", "created_date": "2024-02-28", "edit_date": "2024-02-28", "department": [1]}}, {"model": "census.equipmentlist", "pk": 3, "fields": {"is_active": true, "name": "Другое", "created_date": "2024-02-28", "edit_date": "2024-02-28", "department": [1]}}, {"model": "census.pointvectorsselectitem", "pk": 1, "fields": {"is_active": true, "vectors": 1, "name": "ЛУКОЙЛ", "created_date": "2024-02-28", "edit_date": "2024-02-28", "department": [1, 2]}}, {"model": "census.pointvectorsselectitem", "pk": 2, "fields": {"is_active": true, "vectors": 1, "name": "Motul", "created_date": "2024-02-28", "edit_date": "2024-02-28", "department": [1, 2]}}, {"model": "census.pointvectorsselectitem", "pk": 4, "fields": {"is_active": true, "vectors": 1, "name": "VITEX", "created_date": "2024-02-28", "edit_date": "2024-02-28", "department": [1, 2]}}, {"model": "census.census", "pk": 2, "fields": {"address_id": 1, "department": 1, "address": "Казань, Калинина, 15к1", "name": "Под мостом", "point_name": null, "point_type": null, "nets": false, "sto_type": null, "category": null, "elevators_count": 0, "oil_debit": null, "lukoil_debit": null, "rowe_debit": null, "motul_debit": null, "vitex_debit": null, "decision_firstname": null, "decision_lastname": null, "decision_surname": null, "decision_email": null, "decision_phone": null, "decision_function": null, "akb_specify": false, "working": null, "edit_date": "2024-02-29", "created_date": "2024-02-29", "edited": false, "result": 2, "task": "00000000001", "inn": null, "organizations_name": null, "tender": false, "closing": false, "not_communicate": true, "position": "55.796289,49.108795", "dadata": null, "others": null, "basics": "00000000001", "cars": [], "providers": [], "volume": [], "equipment": [], "vectors": []}}, {"model": "census.census", "pk": 4, "fields": {"address_id": 22, "department": 1, "address": "Казань, Калинина, 15к1", "name": "Под мостом", "point_name": null, "point_type": null, "nets": false, "sto_type": null, "category": null, "elevators_count": 0, "oil_debit": null, "lukoil_debit": null, "rowe_debit": null, "motul_debit": null, "vitex_debit": null, "decision_firstname": null, "decision_lastname": null, "decision_surname": null, "decision_email": null, "decision_phone": null, "decision_function": null, "akb_specify": false, "working": null, "edit_date": "2024-02-29", "created_date": "2024-02-29", "edited": false, "result": 4, "task": "00000000001", "inn": null, "organizations_name": null, "tender": false, "closing": false, "not_communicate": true, "position": "55.796289,49.108795", "dadata": null, "others": null, "basics": "00000000001", "cars": [], "providers": [], "volume": [], "equipment": [], "vectors": []}}, {"model": "admin.logentry", "pk": 1, "fields": {"action_time": "2024-02-28T16:33:09.545", "user": ["admin"], "content_type": ["tasks", "worker"], "object_id": "ТСО007909", "object_repr": "Юмагулов Артур Ильгизович", "action_flag": 1, "change_message": "[{\"added\": {}}]"}}, {"model": "admin.logentry", "pk": 2, "fields": {"action_time": "2024-02-28T16:33:48.697", "user": ["admin"], "content_type": ["tasks", "partner"], "object_id": "00395", "object_repr": "Ленин Владимир Ильич ИП", "action_flag": 1, "change_message": "[{\"added\": {}}]"}}, {"model": "admin.logentry", "pk": 3, "fields": {"action_time": "2024-02-28T16:34:18.538", "user": ["admin"], "content_type": ["tasks", "worker"], "object_id": "ТСО007505", "object_repr": "Белов Павел Николаевич", "action_flag": 1, "change_message": "[{\"added\": {}}]"}}, {"model": "admin.logentry", "pk": 4, "fields": {"action_time": "2024-02-28T16:34:52.217", "user": ["admin"], "content_type": ["tasks", "authorcomments"], "object_id": "1", "object_repr": "Провести сенсус_http://192.168.80.224/census/f/170?city=%D0%9A%D0%B0%D0%B7%D0%B0%D0%BD%D1%8C&street=%D0%93%D0%B2%D0%B0%D1%80%D0%B4%D0%B5%D0%B9%D1%81%D0%BA%D0%B0%D1%8F%20%D1%83%D0%BB%D0%B8%D1%86%D0%B0&", "action_flag": 1, "change_message": "[{\"added\": {}}]"}}, {"model": "admin.logentry", "pk": 5, "fields": {"action_time": "2024-02-28T16:35:02.696", "user": ["admin"], "content_type": ["tasks", "workercomments"], "object_id": "1", "object_repr": "Тест Юмагулов Артур Ильгизович", "action_flag": 1, "change_message": "[{\"added\": {}}]"}}, {"model": "admin.logentry", "pk": 6, "fields": {"action_time": "2024-02-28T16:35:54.066", "user": ["admin"], "content_type": ["tasks", "resultgroup"], "object_id": "000000067", "object_repr": "Сенсус", "action_flag": 1, "change_message": "[{\"added\": {}}]"}}, {"model": "admin.logentry", "pk": 7, "fields": {"action_time": "2024-02-28T16:35:55.894", "user": ["admin"], "content_type": ["tasks", "basics"], "object_id": "00000000001", "object_repr": "Основание 1 00000000001 2024-02-28 16:35:11", "action_flag": 1, "change_message": "[{\"added\": {}}]"}}, {"model": "admin.logentry", "pk": 8, "fields": {"action_time": "2024-02-28T16:35:58.640", "user": ["admin"], "content_type": ["tasks", "task"], "object_id": "00000000001", "object_repr": "Задача 1 00000000001 2024-02-28 16:32:41", "action_flag": 1, "change_message": "[{\"added\": {}}]"}}, {"model": "admin.logentry", "pk": 9, "fields": {"action_time": "2024-02-28T16:37:45.309", "user": ["admin"], "content_type": ["census", "department"], "object_id": "1", "object_repr": "b2b", "action_flag": 1, "change_message": "[{\"added\": {}}]"}}, {"model": "admin.logentry", "pk": 10, "fields": {"action_time": "2024-02-28T16:37:51.325", "user": ["admin"], "content_type": ["census", "department"], "object_id": "2", "object_repr": "b2c", "action_flag": 1, "change_message": "[{\"added\": {}}]"}}, {"model": "admin.logentry", "pk": 11, "fields": {"action_time": "2024-02-28T16:37:58.886", "user": ["admin"], "content_type": ["census", "department"], "object_id": "3", "object_repr": "industrial", "action_flag": 1, "change_message": "[{\"added\": {}}]"}}, {"model": "admin.logentry", "pk": 12, "fields": {"action_time": "2024-02-28T16:38:09.308", "user": ["admin"], "content_type": ["census", "pointcategory"], "object_id": "1", "object_repr": "Добывающая промышленность", "action_flag": 1, "change_message": "[{\"added\": {}}]"}}, {"model": "admin.logentry", "pk": 13, "fields": {"action_time": "2024-02-28T16:38:15.106", "user": ["admin"], "content_type": ["census", "pointcategory"], "object_id": "1", "object_repr": "Добывающая промышленность", "action_flag": 2, "change_message": "[{\"changed\": {\"fields\": [\"\\u041f\\u043e\\u0434\\u0440\\u0430\\u0437\\u0434\\u0435\\u043b\\u0435\\u043d\\u0438\\u0435\"]}}]"}}, {"model": "admin.logentry", "pk": 14, "fields": {"action_time": "2024-02-28T16:38:35.719", "user": ["admin"], "content_type": ["census", "pointcategory"], "object_id": "2", "object_repr": "Легкая промышленность", "action_flag": 1, "change_message": "[{\"added\": {}}]"}}, {"model": "admin.logentry", "pk": 15, "fields": {"action_time": "2024-02-28T16:38:58.673", "user": ["admin"], "content_type": ["census", "pointcategory"], "object_id": "3", "object_repr": "Машиностроение", "action_flag": 1, "change_message": "[{\"added\": {}}]"}}, {"model": "admin.logentry", "pk": 16, "fields": {"action_time": "2024-02-28T16:39:10.041", "user": ["admin"], "content_type": ["census", "pointcategory"], "object_id": "4", "object_repr": "Сельское хозяйство", "action_flag": 1, "change_message": "[{\"added\": {}}]"}}, {"model": "admin.logentry", "pk": 17, "fields": {"action_time": "2024-02-28T16:39:48.891", "user": ["admin"], "content_type": ["census", "pointvectors"], "object_id": "1", "object_repr": "Масла", "action_flag": 1, "change_message": "[{\"added\": {}}]"}}, {"model": "admin.logentry", "pk": 18, "fields": {"action_time": "2024-02-28T16:40:00.649", "user": ["admin"], "content_type": ["census", "pointvectors"], "object_id": "2", "object_repr": "Фильтра", "action_flag": 1, "change_message": "[{\"added\": {}}]"}}, {"model": "admin.logentry", "pk": 19, "fields": {"action_time": "2024-02-28T16:40:11.328", "user": ["admin"], "content_type": ["census", "pointvectors"], "object_id": "3", "object_repr": "Антифризы", "action_flag": 1, "change_message": "[{\"added\": {}}]"}}, {"model": "admin.logentry", "pk": 20, "fields": {"action_time": "2024-02-28T16:40:21.560", "user": ["admin"], "content_type": ["census", "pointvectors"], "object_id": "4", "object_repr": "Аккумуляторы", "action_flag": 1, "change_message": "[{\"added\": {}}]"}}, {"model": "admin.logentry", "pk": 21, "fields": {"action_time": "2024-02-28T16:40:53.900", "user": ["admin"], "content_type": ["census", "pointvectors"], "object_id": "5", "object_repr": "Аксессуары", "action_flag": 1, "change_message": "[{\"added\": {}}]"}}, {"model": "admin.logentry", "pk": 22, "fields": {"action_time": "2024-02-28T16:41:19.793", "user": ["admin"], "content_type": ["census", "pointvectors"], "object_id": "6", "object_repr": "Другое", "action_flag": 1, "change_message": "[{\"added\": {}}]"}}, {"model": "admin.logentry", "pk": 23, "fields": {"action_time": "2024-02-28T16:41:42.291", "user": ["admin"], "content_type": ["census", "pointvectorsselectitem"], "object_id": "1", "object_repr": "ЛУКОЙЛ", "action_flag": 1, "change_message": "[{\"added\": {}}]"}}, {"model": "admin.logentry", "pk": 24, "fields": {"action_time": "2024-02-28T16:41:54.010", "user": ["admin"], "content_type": ["census", "pointvectorsselectitem"], "object_id": "2", "object_repr": "Motul", "action_flag": 1, "change_message": "[{\"added\": {}}]"}}, {"model": "admin.logentry", "pk": 25, "fields": {"action_time": "2024-02-28T16:42:06.064", "user": ["admin"], "content_type": ["census", "pointvectorsselectitem"], "object_id": "3", "object_repr": "ROWE", "action_flag": 1, "change_message": "[{\"added\": {}}]"}}, {"model": "admin.logentry", "pk": 26, "fields": {"action_time": "2024-02-28T16:42:20.345", "user": ["admin"], "content_type": ["census", "pointvectorsselectitem"], "object_id": "4", "object_repr": "VITEX", "action_flag": 1, "change_message": "[{\"added\": {}}]"}}, {"model": "admin.logentry", "pk": 27, "fields": {"action_time": "2024-02-28T16:42:32.305", "user": ["admin"], "content_type": ["census", "pointvectorsselectitem"], "object_id": "5", "object_repr": "Девон", "action_flag": 1, "change_message": "[{\"added\": {}}]"}}, {"model": "admin.logentry", "pk": 28, "fields": {"action_time": "2024-02-28T16:42:49.473", "user": ["admin"], "content_type": ["census", "pointvectorsselectitem"], "object_id": "6", "object_repr": "Sakura", "action_flag": 1, "change_message": "[{\"added\": {}}]"}}, {"model": "admin.logentry", "pk": 29, "fields": {"action_time": "2024-02-28T16:43:01.802", "user": ["admin"], "content_type": ["census", "pointvectorsselectitem"], "object_id": "7", "object_repr": "MANN", "action_flag": 1, "change_message": "[{\"added\": {}}]"}}, {"model": "admin.logentry", "pk": 30, "fields": {"action_time": "2024-02-28T16:43:12.945", "user": ["admin"], "content_type": ["census", "pointvectorsselectitem"], "object_id": "8", "object_repr": "FIltron", "action_flag": 1, "change_message": "[{\"added\": {}}]"}}, {"model": "admin.logentry", "pk": 31, "fields": {"action_time": "2024-02-28T16:43:25.521", "user": ["admin"], "content_type": ["census", "pointvectorsselectitem"], "object_id": "9", "object_repr": "Big-Filter", "action_flag": 1, "change_message": "[{\"added\": {}}]"}}, {"model": "admin.logentry", "pk": 32, "fields": {"action_time": "2024-02-28T16:43:39.227", "user": ["admin"], "content_type": ["census", "pointvectorsselectitem"], "object_id": "10", "object_repr": "Coolstream", "action_flag": 1, "change_message": "[{\"added\": {}}]"}}, {"model": "admin.logentry", "pk": 33, "fields": {"action_time": "2024-02-28T16:43:51.025", "user": ["admin"], "content_type": ["census", "pointvectorsselectitem"], "object_id": "11", "object_repr": "Vitex", "action_flag": 1, "change_message": "[{\"added\": {}}]"}}, {"model": "admin.logentry", "pk": 34, "fields": {"action_time": "2024-02-28T16:44:04.354", "user": ["admin"], "content_type": ["census", "pointvectorsselectitem"], "object_id": "12", "object_repr": "Актех", "action_flag": 1, "change_message": "[{\"added\": {}}]"}}, {"model": "admin.logentry", "pk": 35, "fields": {"action_time": "2024-02-28T16:45:25.569", "user": ["admin"], "content_type": ["census", "providerlist"], "object_id": "1", "object_repr": "Автомир", "action_flag": 1, "change_message": "[{\"added\": {}}]"}}, {"model": "admin.logentry", "pk": 36, "fields": {"action_time": "2024-02-28T16:45:38.633", "user": ["admin"], "content_type": ["census", "providerlist"], "object_id": "2", "object_repr": "Дизайн-групп", "action_flag": 1, "change_message": "[{\"added\": {}}]"}}, {"model": "admin.logentry", "pk": 37, "fields": {"action_time": "2024-02-28T16:45:49.760", "user": ["admin"], "content_type": ["census", "providerlist"], "object_id": "3", "object_repr": "Мегаойл", "action_flag": 1, "change_message": "[{\"added\": {}}]"}}, {"model": "admin.logentry", "pk": 38, "fields": {"action_time": "2024-02-28T16:46:11.994", "user": ["admin"], "content_type": ["census", "equipmentlist"], "object_id": "1", "object_repr": "Универсальные старые станки", "action_flag": 1, "change_message": "[{\"added\": {}}]"}}, {"model": "admin.logentry", "pk": 39, "fields": {"action_time": "2024-02-28T16:46:22.856", "user": ["admin"], "content_type": ["census", "equipmentlist"], "object_id": "2", "object_repr": "Современные ЧПУ и центры", "action_flag": 1, "change_message": "[{\"added\": {}}]"}}, {"model": "admin.logentry", "pk": 40, "fields": {"action_time": "2024-02-28T16:47:06.585", "user": ["admin"], "content_type": ["census", "volume"], "object_id": "1", "object_repr": "ГОСТ", "action_flag": 1, "change_message": "[{\"added\": {}}]"}}, {"model": "admin.logentry", "pk": 41, "fields": {"action_time": "2024-02-28T16:47:37.529", "user": ["admin"], "content_type": ["census", "volume"], "object_id": "2", "object_repr": "Фирма", "action_flag": 1, "change_message": "[{\"added\": {}}]"}}, {"model": "admin.logentry", "pk": 42, "fields": {"action_time": "2024-02-28T16:47:44.169", "user": ["admin"], "content_type": ["census", "volume"], "object_id": "3", "object_repr": "Фирма +", "action_flag": 1, "change_message": "[{\"added\": {}}]"}}, {"model": "admin.logentry", "pk": 43, "fields": {"action_time": "2024-02-28T16:48:22.944", "user": ["admin"], "content_type": ["census", "providerlist"], "object_id": "4", "object_repr": "Другое", "action_flag": 1, "change_message": "[{\"added\": {}}]"}}, {"model": "admin.logentry", "pk": 44, "fields": {"action_time": "2024-02-28T16:49:50.889", "user": ["admin"], "content_type": ["census", "volume"], "object_id": "4", "object_repr": "Другое", "action_flag": 1, "change_message": "[{\"added\": {}}]"}}, {"model": "admin.logentry", "pk": 45, "fields": {"action_time": "2024-02-28T16:50:19.712", "user": ["admin"], "content_type": ["census", "equipmentlist"], "object_id": "3", "object_repr": "Другое", "action_flag": 1, "change_message": "[{\"added\": {}}]"}}, {"model": "admin.logentry", "pk": 46, "fields": {"action_time": "2024-02-29T08:23:59.825", "user": ["admin"], "content_type": ["census", "pointcategory"], "object_id": "5", "object_repr": "Грузовой", "action_flag": 1, "change_message": "[{\"added\": {}}]"}}, {"model": "admin.logentry", "pk": 47, "fields": {"action_time": "2024-02-29T08:24:07.676", "user": ["admin"], "content_type": ["census", "pointcategory"], "object_id": "6", "object_repr": "Легковой", "action_flag": 1, "change_message": "[{\"added\": {}}]"}}, {"model": "admin.logentry", "pk": 48, "fields": {"action_time": "2024-02-29T08:24:14.647", "user": ["admin"], "content_type": ["census", "pointcategory"], "object_id": "7", "object_repr": "Смешанный", "action_flag": 1, "change_message": "[{\"added\": {}}]"}}, {"model": "admin.logentry", "pk": 49, "fields": {"action_time": "2024-02-29T08:24:43.169", "user": ["admin"], "content_type": ["census", "pointtypes"], "object_id": "1", "object_repr": "Магазин", "action_flag": 1, "change_message": "[{\"added\": {}}]"}}, {"model": "admin.logentry", "pk": 50, "fields": {"action_time": "2024-02-29T08:24:50.168", "user": ["admin"], "content_type": ["census", "pointtypes"], "object_id": "2", "object_repr": "Автосервис", "action_flag": 1, "change_message": "[{\"added\": {}}]"}}, {"model": "admin.logentry", "pk": 51, "fields": {"action_time": "2024-02-29T08:25:24.881", "user": ["admin"], "content_type": ["census", "stotypelist"], "object_id": "1", "object_repr": "СТО с магазином (выкладка товара)", "action_flag": 1, "change_message": "[{\"added\": {}}]"}}, {"model": "admin.logentry", "pk": 52, "fields": {"action_time": "2024-02-29T08:25:32.392", "user": ["admin"], "content_type": ["census", "stotypelist"], "object_id": "2", "object_repr": "СТО без магазина", "action_flag": 1, "change_message": "[{\"added\": {}}]"}}, {"model": "admin.logentry", "pk": 53, "fields": {"action_time": "2024-02-29T08:28:49.437", "user": ["admin"], "content_type": ["census", "providerlist"], "object_id": "5", "object_repr": "ПАРТКОМ", "action_flag": 1, "change_message": "[{\"added\": {}}]"}}, {"model": "admin.logentry", "pk": 54, "fields": {"action_time": "2024-02-29T08:28:56.895", "user": ["admin"], "content_type": ["census", "providerlist"], "object_id": "6", "object_repr": "Берг", "action_flag": 1, "change_message": "[{\"added\": {}}]"}}, {"model": "admin.logentry", "pk": 55, "fields": {"action_time": "2024-02-29T08:36:47.923", "user": ["admin"], "content_type": ["tasks", "resultdata"], "object_id": "000000067", "object_repr": "НЕТ КОНТАКТА", "action_flag": 1, "change_message": "[{\"added\": {}}]"}}, {"model": "admin.logentry", "pk": 56, "fields": {"action_time": "2024-02-29T08:37:06.302", "user": ["admin"], "content_type": ["tasks", "resultdata"], "object_id": "000000068", "object_repr": "АДРЕС НЕ АКТУАЛЕН", "action_flag": 1, "change_message": "[{\"added\": {}}]"}}, {"model": "admin.logentry", "pk": 57, "fields": {"action_time": "2024-02-29T08:37:22.168", "user": ["admin"], "content_type": ["tasks", "resultdata"], "object_id": "000000069", "object_repr": "ДАННЫЕ АКТУАЛИЗИРОВАНЫ", "action_flag": 1, "change_message": "[{\"added\": {}}]"}}, {"model": "admin.logentry", "pk": 58, "fields": {"action_time": "2024-02-29T09:12:36.695", "user": ["admin"], "content_type": ["census", "census"], "object_id": "1", "object_repr": "22", "action_flag": 3, "change_message": ""}}, {"model": "admin.logentry", "pk": 59, "fields": {"action_time": "2024-02-29T09:14:33.196", "user": ["admin"], "content_type": ["census", "census"], "object_id": "3", "object_repr": "22", "action_flag": 3, "change_message": ""}}, {"model": "admin.logentry", "pk": 60, "fields": {"action_time": "2024-02-29T09:41:47.495", "user": ["admin"], "content_type": ["tasks", "basics"], "object_id": "00000000036", "object_repr": "Основание 1 00000000036 2024-02-28 16:35:11", "action_flag": 2, "change_message": "[{\"changed\": {\"fields\": [\"\\u041d\\u043e\\u043c\\u0435\\u0440\"]}}]"}}, {"model": "admin.logentry", "pk": 61, "fields": {"action_time": "2024-02-29T11:05:10.812", "user": ["admin"], "content_type": ["census", "pointvectors"], "object_id": "5", "object_repr": "Аксессуары", "action_flag": 3, "change_message": ""}}, {"model": "admin.logentry", "pk": 62, "fields": {"action_time": "2024-02-29T11:05:10.817", "user": ["admin"], "content_type": ["census", "pointvectors"], "object_id": "4", "object_repr": "Аккумуляторы", "action_flag": 3, "change_message": ""}}, {"model": "admin.logentry", "pk": 63, "fields": {"action_time": "2024-02-29T11:05:10.820", "user": ["admin"], "content_type": ["census", "pointvectors"], "object_id": "3", "object_repr": "Антифризы", "action_flag": 3, "change_message": ""}}, {"model": "admin.logentry", "pk": 64, "fields": {"action_time": "2024-02-29T11:06:42.722", "user": ["admin"], "content_type": ["census", "pointvectorsselectitem"], "object_id": "5", "object_repr": "Девон", "action_flag": 3, "change_message": ""}}, {"model": "admin.logentry", "pk": 65, "fields": {"action_time": "2024-02-29T11:06:54.402", "user": ["admin"], "content_type": ["census", "pointvectorsselectitem"], "object_id": "3", "object_repr": "ROWE", "action_flag": 3, "change_message": ""}}, {"model": "admin.logentry", "pk": 66, "fields": {"action_time": "2024-02-29T11:07:02.009", "user": ["admin"], "content_type": ["census", "pointvectorsselectitem"], "object_id": "8", "object_repr": "FIltron", "action_flag": 3, "change_message": ""}}, {"model": "admin.logentry", "pk": 67, "fields": {"action_time": "2024-02-29T12:10:35.399", "user": ["admin"], "content_type": ["tasks", "task"], "object_id": "00000000001", "object_repr": "Задача 1 00000000001 2024-02-28 16:32:41", "action_flag": 2, "change_message": "[{\"changed\": {\"fields\": [\"\\u041e\\u0441\\u043d\\u043e\\u0432\\u0430\\u043d\\u0438\\u0435\"]}}]"}}, {"model": "admin.logentry", "pk": 68, "fields": {"action_time": "2024-02-29T12:30:43.054", "user": ["admin"], "content_type": ["tasks", "task"], "object_id": "862d6be7-c9ad-11ee-80f9-00155d50d301", "object_repr": "Задача 1 862d6be7-c9ad-11ee-80f9-00155d50d301 2024-02-28 16:32:41", "action_flag": 2, "change_message": "[{\"changed\": {\"fields\": [\"\\u041d\\u043e\\u043c\\u0435\\u0440\"]}}]"}}, {"model": "admin.logentry", "pk": 69, "fields": {"action_time": "2024-02-29T12:43:58.369", "user": ["admin"], "content_type": ["tasks", "task"], "object_id": "862d6be7-c9ad-11ee-80f9-00155d50d301", "object_repr": "Задача 1 862d6be7-c9ad-11ee-80f9-00155d50d301 2024-02-28 16:32:41", "action_flag": 2, "change_message": "[{\"changed\": {\"fields\": [\"\\u041d\\u043e\\u043c\\u0435\\u0440\"]}}]"}}, {"model": "admin.logentry", "pk": 70, "fields": {"action_time": "2024-02-29T14:12:21.431", "user": ["admin"], "content_type": ["tasks", "result"], "object_id": "5", "object_repr": "Результат Основание 1 00000000036 2024-02-28 16:35:11", "action_flag": 1, "change_message": "[{\"added\": {}}]"}}, {"model": "admin.logentry", "pk": 71, "fields": {"action_time": "2024-02-29T16:54:24.858", "user": ["admin"], "content_type": ["census", "pointvectors"], "object_id": "2", "object_repr": "Фильтра", "action_flag": 3, "change_message": ""}}]