[{"model": "auth.user", "pk": 1, "fields": {"password": "pbkdf2_sha256$600000$AEVdyzKQ0wwGM2o37gJpzJ$54+YMCkOapX5U+VlfO5AIyFEhDG3senDsdVyH0f/XC0=", "last_login": "2024-02-09T11:24:24.486", "is_superuser": true, "username": "admin", "first_name": "", "last_name": "", "email": "", "is_staff": true, "is_active": true, "date_joined": "2024-02-02T14:04:50.966", "groups": [], "user_permissions": []}}, {"model": "sessions.session", "pk": "0fns5k6kqok6l4kib6oobqllbucyabau", "fields": {"session_data": ".eJxVjDsOwjAQBe_iGln-hd2lpM8ZLH_WOIAcKU4qxN0hUgpo38y8l_BhW6vfOi9-yuIitDj9bjGkB7cd5Htot1mmua3LFOWuyIN2Oc6Zn9fD_TuooddvnbTSCSNbQKVA4wAOiMg650pEE8AaHVgx4VCInDYFHKIhYGvYpLN4fwCncDZE:1rYMBM:w2c9LdjMtVtBYOaKgWlejgsO8N7Ebt3056poRdu2vpY", "expire_date": "2024-02-23T11:24:24.490"}}, {"model": "sessions.session", "pk": "2gc6stv1gc3suimuamwko7bky9jigoqo", "fields": {"session_data": ".eJxVjDsOwjAQBe_iGln-hd2lpM8ZLH_WOIAcKU4qxN0hUgpo38y8l_BhW6vfOi9-yuIitDj9bjGkB7cd5Htot1mmua3LFOWuyIN2Oc6Zn9fD_TuooddvnbTSCSNbQKVA4wAOiMg650pEE8AaHVgx4VCInDYFHKIhYGvYpLN4fwCncDZE:1rY4XS:DEG4cHKHMGy4YNJ20C_jUb-58tPkqgF7cC_fRzUpK0M", "expire_date": "2024-02-22T16:34:02.224"}}, {"model": "sessions.session", "pk": "bs47cw5ed25vlakliqela7czhcobcre3", "fields": {"session_data": ".eJxVjDsOwjAQBe_iGln-hd2lpM8ZLH_WOIAcKU4qxN0hUgpo38y8l_BhW6vfOi9-yuIitDj9bjGkB7cd5Htot1mmua3LFOWuyIN2Oc6Zn9fD_TuooddvnbTSCSNbQKVA4wAOiMg650pEE8AaHVgx4VCInDYFHKIhYGvYpLN4fwCncDZE:1rVs83:tZsbbu65iruHe1r4MYGMvQ_INpcP7rGZeRwe8u0Zbh8", "expire_date": "2024-02-16T14:54:43.320"}}, {"model": "sessions.session", "pk": "xtzn9ojsskd8snv4vgtk7su41cyd83dm", "fields": {"session_data": ".eJxVjDsOwjAQBe_iGln-hd2lpM8ZLH_WOIAcKU4qxN0hUgpo38y8l_BhW6vfOi9-yuIitDj9bjGkB7cd5Htot1mmua3LFOWuyIN2Oc6Zn9fD_TuooddvnbTSCSNbQKVA4wAOiMg650pEE8AaHVgx4VCInDYFHKIhYGvYpLN4fwCncDZE:1rVrMj:ryrtH6vswGV86FUNfCO32pqlgaSIIbrkwiPJcUrzyKw", "expire_date": "2024-02-16T14:05:49.559"}}, {"model": "sessions.session", "pk": "zd2z15sk4c5fyujr58xnpv24nfd1snir", "fields": {"session_data": ".eJxVjDsOwjAQBe_iGln-hd2lpM8ZLH_WOIAcKU4qxN0hUgpo38y8l_BhW6vfOi9-yuIitDj9bjGkB7cd5Htot1mmua3LFOWuyIN2Oc6Zn9fD_TuooddvnbTSCSNbQKVA4wAOiMg650pEE8AaHVgx4VCInDYFHKIhYGvYpLN4fwCncDZE:1rXaMs:TQnGpm0PrkaeIrfRnQSsnFw2U8JfgArS2HO-YhNIB3k", "expire_date": "2024-02-21T08:21:06.227"}}, {"model": "django_celery_results.taskresult", "pk": 1, "fields": {"task_id": "cb65f940-1dd3-4375-aa8e-a7fe189d4932", "periodic_task_name": null, "task_name": "core.tasks.del_task", "task_args": "\"()\"", "task_kwargs": "\"{}\"", "status": "FAILURE", "worker": "celery@inet_marketolog", "content_type": "application/json", "content_encoding": "utf-8", "result": "{\"exc_type\": \"ValueError\", \"exc_message\": [\"SQLite backend does not support timezone-aware datetimes when USE_TZ is False.\"], \"exc_module\": \"builtins\"}", "date_created": "2024-02-08T16:44:09.015", "date_done": "2024-02-08T16:44:09.015", "traceback": "Traceback (most recent call last):\n  File \"C:\\Users\\YumagulovA.TRANZIT-OIL\\PycharmProjects\\BotWebServer\\venv_bot_web_server\\Lib\\site-packages\\celery\\app\\trace.py\", line 477, in trace_task\n    R = retval = fun(*args, **kwargs)\n                 ^^^^^^^^^^^^^^^^^^^^\n  File \"C:\\Users\\YumagulovA.TRANZIT-OIL\\PycharmProjects\\BotWebServer\\venv_bot_web_server\\Lib\\site-packages\\celery\\app\\trace.py\", line 760, in __protected_call__\n    return self.run(*args, **kwargs)\n           ^^^^^^^^^^^^^^^^^^^^^^^^^\n  File \"C:\\Users\\YumagulovA.TRANZIT-OIL\\PycharmProjects\\BotWebServer\\core\\tasks.py\", line 32, in del_task\n    if len(tasks) > 0:\n       ^^^^^^^^^^\n  File \"C:\\Users\\YumagulovA.TRANZIT-OIL\\PycharmProjects\\BotWebServer\\venv_bot_web_server\\Lib\\site-packages\\django\\db\\models\\query.py\", line 380, in __len__\n    self._fetch_all()\n  File \"C:\\Users\\YumagulovA.TRANZIT-OIL\\PycharmProjects\\BotWebServer\\venv_bot_web_server\\Lib\\site-packages\\django\\db\\models\\query.py\", line 1881, in _fetch_all\n    self._result_cache = list(self._iterable_class(self))\n                         ^^^^^^^^^^^^^^^^^^^^^^^^^^^^^^^^\n  File \"C:\\Users\\YumagulovA.TRANZIT-OIL\\PycharmProjects\\BotWebServer\\venv_bot_web_server\\Lib\\site-packages\\django\\db\\models\\query.py\", line 91, in __iter__\n    results = compiler.execute_sql(\n              ^^^^^^^^^^^^^^^^^^^^^\n  File \"C:\\Users\\YumagulovA.TRANZIT-OIL\\PycharmProjects\\BotWebServer\\venv_bot_web_server\\Lib\\site-packages\\django\\db\\models\\sql\\compiler.py\", line 1549, in execute_sql\n    sql, params = self.as_sql()\n                  ^^^^^^^^^^^^^\n  File \"C:\\Users\\YumagulovA.TRANZIT-OIL\\PycharmProjects\\BotWebServer\\venv_bot_web_server\\Lib\\site-packages\\django\\db\\models\\sql\\compiler.py\", line 764, in as_sql\n    self.compile(self.where) if self.where is not None else (\"\", [])\n    ^^^^^^^^^^^^^^^^^^^^^^^^\n  File \"C:\\Users\\YumagulovA.TRANZIT-OIL\\PycharmProjects\\BotWebServer\\venv_bot_web_server\\Lib\\site-packages\\django\\db\\models\\sql\\compiler.py\", line 546, in compile\n    sql, params = node.as_sql(self, self.connection)\n                  ^^^^^^^^^^^^^^^^^^^^^^^^^^^^^^^^^^\n  File \"C:\\Users\\YumagulovA.TRANZIT-OIL\\PycharmProjects\\BotWebServer\\venv_bot_web_server\\Lib\\site-packages\\django\\db\\models\\sql\\where.py\", line 145, in as_sql\n    sql, params = compiler.compile(child)\n                  ^^^^^^^^^^^^^^^^^^^^^^^\n  File \"C:\\Users\\YumagulovA.TRANZIT-OIL\\PycharmProjects\\BotWebServer\\venv_bot_web_server\\Lib\\site-packages\\django\\db\\models\\sql\\compiler.py\", line 546, in compile\n    sql, params = node.as_sql(self, self.connection)\n                  ^^^^^^^^^^^^^^^^^^^^^^^^^^^^^^^^^^\n  File \"C:\\Users\\YumagulovA.TRANZIT-OIL\\PycharmProjects\\BotWebServer\\venv_bot_web_server\\Lib\\site-packages\\django\\db\\models\\lookups.py\", line 225, in as_sql\n    rhs_sql, rhs_params = self.process_rhs(compiler, connection)\n                          ^^^^^^^^^^^^^^^^^^^^^^^^^^^^^^^^^^^^^^\n  File \"C:\\Users\\YumagulovA.TRANZIT-OIL\\PycharmProjects\\BotWebServer\\venv_bot_web_server\\Lib\\site-packages\\django\\db\\models\\lookups.py\", line 126, in process_rhs\n    return self.get_db_prep_lookup(value, connection)\n           ^^^^^^^^^^^^^^^^^^^^^^^^^^^^^^^^^^^^^^^^^^\n  File \"C:\\Users\\YumagulovA.TRANZIT-OIL\\PycharmProjects\\BotWebServer\\venv_bot_web_server\\Lib\\site-packages\\django\\db\\models\\lookups.py\", line 254, in get_db_prep_lookup\n    else [get_db_prep_value(value, connection, prepared=True)],\n          ^^^^^^^^^^^^^^^^^^^^^^^^^^^^^^^^^^^^^^^^^^^^^^^^^^^\n  File \"C:\\Users\\YumagulovA.TRANZIT-OIL\\PycharmProjects\\BotWebServer\\venv_bot_web_server\\Lib\\site-packages\\django\\db\\models\\fields\\__init__.py\", line 1608, in get_db_prep_value\n    return connection.ops.adapt_datetimefield_value(value)\n           ^^^^^^^^^^^^^^^^^^^^^^^^^^^^^^^^^^^^^^^^^^^^^^^\n  File \"C:\\Users\\YumagulovA.TRANZIT-OIL\\PycharmProjects\\BotWebServer\\venv_bot_web_server\\Lib\\site-packages\\django\\db\\backends\\sqlite3\\operations.py\", line 273, in adapt_datetimefield_value\n    raise ValueError(\nValueError: SQLite backend does not support timezone-aware datetimes when USE_TZ is False.\n", "meta": "{\"children\": []}"}}, {"model": "django_celery_results.taskresult", "pk": 2, "fields": {"task_id": "5627e10a-bedc-4d20-802b-cbbde4de1a2b", "periodic_task_name": null, "task_name": "core.tasks.del_task", "task_args": "\"()\"", "task_kwargs": "\"{}\"", "status": "FAILURE", "worker": "celery@inet_marketolog", "content_type": "application/json", "content_encoding": "utf-8", "result": "{\"exc_type\": \"ValueError\", \"exc_message\": [\"SQLite backend does not support timezone-aware datetimes when USE_TZ is False.\"], \"exc_module\": \"builtins\"}", "date_created": "2024-02-08T16:45:00.022", "date_done": "2024-02-08T16:45:00.022", "traceback": "Traceback (most recent call last):\n  File \"C:\\Users\\YumagulovA.TRANZIT-OIL\\PycharmProjects\\BotWebServer\\venv_bot_web_server\\Lib\\site-packages\\celery\\app\\trace.py\", line 477, in trace_task\n    R = retval = fun(*args, **kwargs)\n                 ^^^^^^^^^^^^^^^^^^^^\n  File \"C:\\Users\\YumagulovA.TRANZIT-OIL\\PycharmProjects\\BotWebServer\\venv_bot_web_server\\Lib\\site-packages\\celery\\app\\trace.py\", line 760, in __protected_call__\n    return self.run(*args, **kwargs)\n           ^^^^^^^^^^^^^^^^^^^^^^^^^\n  File \"C:\\Users\\YumagulovA.TRANZIT-OIL\\PycharmProjects\\BotWebServer\\core\\tasks.py\", line 32, in del_task\n    if len(tasks) > 0:\n       ^^^^^^^^^^\n  File \"C:\\Users\\YumagulovA.TRANZIT-OIL\\PycharmProjects\\BotWebServer\\venv_bot_web_server\\Lib\\site-packages\\django\\db\\models\\query.py\", line 380, in __len__\n    self._fetch_all()\n  File \"C:\\Users\\YumagulovA.TRANZIT-OIL\\PycharmProjects\\BotWebServer\\venv_bot_web_server\\Lib\\site-packages\\django\\db\\models\\query.py\", line 1881, in _fetch_all\n    self._result_cache = list(self._iterable_class(self))\n                         ^^^^^^^^^^^^^^^^^^^^^^^^^^^^^^^^\n  File \"C:\\Users\\YumagulovA.TRANZIT-OIL\\PycharmProjects\\BotWebServer\\venv_bot_web_server\\Lib\\site-packages\\django\\db\\models\\query.py\", line 91, in __iter__\n    results = compiler.execute_sql(\n              ^^^^^^^^^^^^^^^^^^^^^\n  File \"C:\\Users\\YumagulovA.TRANZIT-OIL\\PycharmProjects\\BotWebServer\\venv_bot_web_server\\Lib\\site-packages\\django\\db\\models\\sql\\compiler.py\", line 1549, in execute_sql\n    sql, params = self.as_sql()\n                  ^^^^^^^^^^^^^\n  File \"C:\\Users\\YumagulovA.TRANZIT-OIL\\PycharmProjects\\BotWebServer\\venv_bot_web_server\\Lib\\site-packages\\django\\db\\models\\sql\\compiler.py\", line 764, in as_sql\n    self.compile(self.where) if self.where is not None else (\"\", [])\n    ^^^^^^^^^^^^^^^^^^^^^^^^\n  File \"C:\\Users\\YumagulovA.TRANZIT-OIL\\PycharmProjects\\BotWebServer\\venv_bot_web_server\\Lib\\site-packages\\django\\db\\models\\sql\\compiler.py\", line 546, in compile\n    sql, params = node.as_sql(self, self.connection)\n                  ^^^^^^^^^^^^^^^^^^^^^^^^^^^^^^^^^^\n  File \"C:\\Users\\YumagulovA.TRANZIT-OIL\\PycharmProjects\\BotWebServer\\venv_bot_web_server\\Lib\\site-packages\\django\\db\\models\\sql\\where.py\", line 145, in as_sql\n    sql, params = compiler.compile(child)\n                  ^^^^^^^^^^^^^^^^^^^^^^^\n  File \"C:\\Users\\YumagulovA.TRANZIT-OIL\\PycharmProjects\\BotWebServer\\venv_bot_web_server\\Lib\\site-packages\\django\\db\\models\\sql\\compiler.py\", line 546, in compile\n    sql, params = node.as_sql(self, self.connection)\n                  ^^^^^^^^^^^^^^^^^^^^^^^^^^^^^^^^^^\n  File \"C:\\Users\\YumagulovA.TRANZIT-OIL\\PycharmProjects\\BotWebServer\\venv_bot_web_server\\Lib\\site-packages\\django\\db\\models\\lookups.py\", line 225, in as_sql\n    rhs_sql, rhs_params = self.process_rhs(compiler, connection)\n                          ^^^^^^^^^^^^^^^^^^^^^^^^^^^^^^^^^^^^^^\n  File \"C:\\Users\\YumagulovA.TRANZIT-OIL\\PycharmProjects\\BotWebServer\\venv_bot_web_server\\Lib\\site-packages\\django\\db\\models\\lookups.py\", line 126, in process_rhs\n    return self.get_db_prep_lookup(value, connection)\n           ^^^^^^^^^^^^^^^^^^^^^^^^^^^^^^^^^^^^^^^^^^\n  File \"C:\\Users\\YumagulovA.TRANZIT-OIL\\PycharmProjects\\BotWebServer\\venv_bot_web_server\\Lib\\site-packages\\django\\db\\models\\lookups.py\", line 254, in get_db_prep_lookup\n    else [get_db_prep_value(value, connection, prepared=True)],\n          ^^^^^^^^^^^^^^^^^^^^^^^^^^^^^^^^^^^^^^^^^^^^^^^^^^^\n  File \"C:\\Users\\YumagulovA.TRANZIT-OIL\\PycharmProjects\\BotWebServer\\venv_bot_web_server\\Lib\\site-packages\\django\\db\\models\\fields\\__init__.py\", line 1608, in get_db_prep_value\n    return connection.ops.adapt_datetimefield_value(value)\n           ^^^^^^^^^^^^^^^^^^^^^^^^^^^^^^^^^^^^^^^^^^^^^^^\n  File \"C:\\Users\\YumagulovA.TRANZIT-OIL\\PycharmProjects\\BotWebServer\\venv_bot_web_server\\Lib\\site-packages\\django\\db\\backends\\sqlite3\\operations.py\", line 273, in adapt_datetimefield_value\n    raise ValueError(\nValueError: SQLite backend does not support timezone-aware datetimes when USE_TZ is False.\n", "meta": "{\"children\": []}"}}, {"model": "tasks.resultgroup", "pk": "000000004", "fields": {"name": "Сенсус"}}, {"model": "tasks.resultdata", "pk": "000000067", "fields": {"group": "000000004", "name": "НЕТ КОНТАКТА", "control_data": false}}, {"model": "tasks.resultdata", "pk": "000000068", "fields": {"group": "000000004", "name": "АДРЕС НЕ АКТУАЛЕН", "control_data": false}}, {"model": "tasks.result", "pk": 1, "fields": {"base": "00000000001", "type": "meet", "result": "АДРЕС НЕ АКТУАЛЕН", "task_number": "00000000001", "contact_person": "", "control_date": null}}, {"model": "tasks.result", "pk": 2, "fields": {"base": "00000000001", "type": "meet", "result": "НЕТ КОНТАКТА", "task_number": "00000000001", "contact_person": "", "control_date": null}}, {"model": "tasks.result", "pk": 3, "fields": {"base": "00000000001", "type": "meet", "result": "НЕТ КОНТАКТА", "task_number": "00000000001", "contact_person": "", "control_date": null}}, {"model": "tasks.result", "pk": 4, "fields": {"base": "00000000001", "type": "meet", "result": "НЕТ КОНТАКТА", "task_number": "00000000001", "contact_person": "", "control_date": null}}, {"model": "tasks.result", "pk": 5, "fields": {"base": "00000000001", "type": "meet", "result": "НЕТ КОНТАКТА", "task_number": "00000000001", "contact_person": "", "control_date": null}}, {"model": "tasks.result", "pk": 6, "fields": {"base": "00000000001", "type": "meet", "result": "НЕТ КОНТАКТА", "task_number": "00000000001", "contact_person": "", "control_date": null}}, {"model": "tasks.result", "pk": 7, "fields": {"base": "00000000001", "type": "meet", "result": "НЕТ КОНТАКТА", "task_number": "00000000001", "contact_person": "", "control_date": null}}, {"model": "tasks.result", "pk": 8, "fields": {"base": "00000000001", "type": "meet", "result": "НЕТ КОНТАКТА", "task_number": "00000000001", "contact_person": "", "control_date": null}}, {"model": "tasks.result", "pk": 9, "fields": {"base": "00000000001", "type": "meet", "result": "НЕТ КОНТАКТА", "task_number": "00000000001", "contact_person": "", "control_date": null}}, {"model": "tasks.result", "pk": 10, "fields": {"base": "00000000001", "type": "meet", "result": "НЕТ КОНТАКТА", "task_number": "00000000001", "contact_person": "", "control_date": null}}, {"model": "tasks.result", "pk": 11, "fields": {"base": "00000000001", "type": "meet", "result": "НЕТ КОНТАКТА", "task_number": "00000000001", "contact_person": "", "control_date": null}}, {"model": "tasks.result", "pk": 12, "fields": {"base": "00000000001", "type": "meet", "result": "НЕТ КОНТАКТА", "task_number": "00000000001", "contact_person": "", "control_date": null}}, {"model": "tasks.result", "pk": 13, "fields": {"base": "00000000001", "type": "meet", "result": "НЕТ КОНТАКТА", "task_number": "00000000001", "contact_person": "", "control_date": null}}, {"model": "tasks.result", "pk": 14, "fields": {"base": "00000000001", "type": "meet", "result": "НЕТ КОНТАКТА", "task_number": "00000000001", "contact_person": "", "control_date": null}}, {"model": "tasks.result", "pk": 15, "fields": {"base": "00000000001", "type": "meet", "result": "НЕТ КОНТАКТА", "task_number": "00000000001", "contact_person": "", "control_date": null}}, {"model": "tasks.result", "pk": 16, "fields": {"base": "00000000001", "type": "meet", "result": "НЕТ КОНТАКТА", "task_number": "00000000001", "contact_person": "", "control_date": null}}, {"model": "tasks.result", "pk": 17, "fields": {"base": "00000000001", "type": "meet", "result": "НЕТ КОНТАКТА", "task_number": "00000000001", "contact_person": "", "control_date": null}}, {"model": "tasks.result", "pk": 18, "fields": {"base": "00000000001", "type": "meet", "result": "НЕТ КОНТАКТА", "task_number": "00000000001", "contact_person": "", "control_date": null}}, {"model": "tasks.result", "pk": 19, "fields": {"base": "00000000001", "type": "meet", "result": "НЕТ КОНТАКТА", "task_number": "00000000001", "contact_person": "", "control_date": null}}, {"model": "tasks.result", "pk": 20, "fields": {"base": "00000000001", "type": "meet", "result": "НЕТ КОНТАКТА", "task_number": "00000000001", "contact_person": "", "control_date": null}}, {"model": "tasks.result", "pk": 21, "fields": {"base": "00000000001", "type": "meet", "result": "НЕТ КОНТАКТА", "task_number": "00000000001", "contact_person": "", "control_date": null}}, {"model": "tasks.result", "pk": 22, "fields": {"base": "00000000001", "type": "meet", "result": "НЕТ КОНТАКТА", "task_number": "00000000001", "contact_person": "", "control_date": null}}, {"model": "tasks.result", "pk": 23, "fields": {"base": "00000000001", "type": "meet", "result": "НЕТ КОНТАКТА", "task_number": "00000000001", "contact_person": "", "control_date": null}}, {"model": "tasks.result", "pk": 24, "fields": {"base": "00000000001", "type": "meet", "result": "АДРЕС НЕ АКТУАЛЕН", "task_number": "00000000001", "contact_person": "", "control_date": null}}, {"model": "tasks.basics", "pk": "00000000001", "fields": {"name": "Основание 1", "date": "2024-02-02T14:55:02", "group": "000000004"}}, {"model": "tasks.partner", "pk": "00000000001", "fields": {"name": "Ленин Владимир Ильич ИП", "inn": "1313131313"}}, {"model": "tasks.partnerworker", "pk": 1, "fields": {"partner": "00000000001", "name": "Крупская Надежда Константиновна", "positions": "Заведующий революционой кассой", "code": "F00015182"}}, {"model": "tasks.worker", "pk": "ТСО007505", "fields": {"name": "Белов Павел Николаевич", "chat_id": null, "phone": null, "supervisor": null, "controller": true, "partner": null}}, {"model": "tasks.worker", "pk": "ТСО007909", "fields": {"name": "Юмагулов Артур Ильгизович", "chat_id": null, "phone": null, "supervisor": null, "controller": false, "partner": null}}, {"model": "tasks.authorcomments", "pk": 1, "fields": {"comment": "Работай", "author": "ТСО007505", "created_date": "2024-02-02"}}, {"model": "tasks.workercomments", "pk": 1, "fields": {"comment": "Хорошо", "worker": "ТСО007909", "created_date": "2024-02-02"}}, {"model": "tasks.workercomments", "pk": 2, "fields": {"comment": "тест", "worker": "ТСО007909", "created_date": "2024-02-08"}}, {"model": "tasks.workercomments", "pk": 3, "fields": {"comment": "тест", "worker": "ТСО007909", "created_date": "2024-02-08"}}, {"model": "tasks.workercomments", "pk": 4, "fields": {"comment": "не пустили", "worker": "ТСО007909", "created_date": "2024-02-08"}}, {"model": "tasks.workercomments", "pk": 5, "fields": {"comment": "тест_комм", "worker": "ТСО007909", "created_date": "2024-02-08"}}, {"model": "tasks.workercomments", "pk": 6, "fields": {"comment": "тест_комм", "worker": "ТСО007909", "created_date": "2024-02-08"}}, {"model": "tasks.workercomments", "pk": 7, "fields": {"comment": "тест_комм", "worker": "ТСО007909", "created_date": "2024-02-08"}}, {"model": "tasks.workercomments", "pk": 8, "fields": {"comment": "тест_комм", "worker": "ТСО007909", "created_date": "2024-02-08"}}, {"model": "tasks.workercomments", "pk": 9, "fields": {"comment": "тест_комм", "worker": "ТСО007909", "created_date": "2024-02-08"}}, {"model": "tasks.workercomments", "pk": 10, "fields": {"comment": "тест_комм", "worker": "ТСО007909", "created_date": "2024-02-08"}}, {"model": "tasks.workercomments", "pk": 11, "fields": {"comment": "тест_комм", "worker": "ТСО007909", "created_date": "2024-02-08"}}, {"model": "tasks.workercomments", "pk": 12, "fields": {"comment": "тест_комм", "worker": "ТСО007909", "created_date": "2024-02-08"}}, {"model": "tasks.workercomments", "pk": 13, "fields": {"comment": "тест_комм", "worker": "ТСО007909", "created_date": "2024-02-08"}}, {"model": "tasks.workercomments", "pk": 14, "fields": {"comment": "тест_комм", "worker": "ТСО007909", "created_date": "2024-02-08"}}, {"model": "tasks.workercomments", "pk": 15, "fields": {"comment": "тест_комм", "worker": "ТСО007909", "created_date": "2024-02-08"}}, {"model": "tasks.workercomments", "pk": 16, "fields": {"comment": "тест_комм", "worker": "ТСО007909", "created_date": "2024-02-08"}}, {"model": "tasks.workercomments", "pk": 17, "fields": {"comment": "тест_комм", "worker": "ТСО007909", "created_date": "2024-02-08"}}, {"model": "tasks.workercomments", "pk": 18, "fields": {"comment": "тест_комм", "worker": "ТСО007909", "created_date": "2024-02-08"}}, {"model": "tasks.workercomments", "pk": 19, "fields": {"comment": "тест_комм", "worker": "ТСО007909", "created_date": "2024-02-08"}}, {"model": "tasks.workercomments", "pk": 20, "fields": {"comment": "тест_комм", "worker": "ТСО007909", "created_date": "2024-02-08"}}, {"model": "tasks.workercomments", "pk": 21, "fields": {"comment": "тест_комм", "worker": "ТСО007909", "created_date": "2024-02-08"}}, {"model": "tasks.workercomments", "pk": 22, "fields": {"comment": "тест_комм", "worker": "ТСО007909", "created_date": "2024-02-08"}}, {"model": "tasks.workercomments", "pk": 23, "fields": {"comment": "тест_комм", "worker": "ТСО007909", "created_date": "2024-02-08"}}, {"model": "tasks.workercomments", "pk": 24, "fields": {"comment": "тест_комм", "worker": "ТСО007909", "created_date": "2024-02-08"}}, {"model": "tasks.workercomments", "pk": 25, "fields": {"comment": "тест", "worker": "ТСО007909", "created_date": "2024-02-08"}}, {"model": "tasks.task", "pk": "00000000001", "fields": {"name": "Задача 1", "date": "2024-02-02T15:02:42", "status": "Выполнено", "deadline": "2024-02-02T15:02:44", "edit_date": "2024-02-02T15:02:58.158", "worker": "ТСО007909", "partner": "00000000001", "author": "ТСО007505", "author_comment": 1, "worker_comment": 25, "base": "00000000001", "edited": true, "result": 24, "message_id": null}}, {"model": "census.department", "pk": 1, "fields": {"is_active": true, "name": "b2b"}}, {"model": "census.department", "pk": 2, "fields": {"is_active": true, "name": "b2c"}}, {"model": "census.pointvectors", "pk": 1, "fields": {"is_active": true, "name": "Масло", "created_date": "2024-02-02", "edit_date": "2024-02-02", "slug": "maslo", "department": [1, 2]}}, {"model": "census.pointvectors", "pk": 2, "fields": {"is_active": true, "name": "Фильтры", "created_date": "2024-02-02", "edit_date": "2024-02-02", "slug": "filtry", "department": [1, 2]}}, {"model": "census.pointvectors", "pk": 3, "fields": {"is_active": true, "name": "Другое", "created_date": "2024-02-02", "edit_date": "2024-02-02", "slug": "drugoe", "department": [1]}}, {"model": "census.pointcategory", "pk": 1, "fields": {"is_active": true, "name": "Добывающая промышленность", "created_date": "2024-02-02", "edit_date": "2024-02-02", "department": [1]}}, {"model": "census.pointcategory", "pk": 2, "fields": {"is_active": true, "name": "Легкая промышленность", "created_date": "2024-02-02", "edit_date": "2024-02-02", "department": [1]}}, {"model": "census.pointcategory", "pk": 3, "fields": {"is_active": true, "name": "Машиностроение", "created_date": "2024-02-02", "edit_date": "2024-02-02", "department": [1]}}, {"model": "census.pointcategory", "pk": 4, "fields": {"is_active": true, "name": "Сельское хозяйство", "created_date": "2024-02-02", "edit_date": "2024-02-02", "department": [1]}}, {"model": "census.providerlist", "pk": 1, "fields": {"is_active": true, "name": "Автомир", "created_date": "2024-02-02", "edit_date": "2024-02-02", "department": [1]}}, {"model": "census.providerlist", "pk": 2, "fields": {"is_active": true, "name": "Дизайн-групп", "created_date": "2024-02-02", "edit_date": "2024-02-02", "department": [1]}}, {"model": "census.providerlist", "pk": 3, "fields": {"is_active": true, "name": "Мегаойл", "created_date": "2024-02-02", "edit_date": "2024-02-02", "department": [1]}}, {"model": "census.providerlist", "pk": 4, "fields": {"is_active": true, "name": "Автохимсервис", "created_date": "2024-02-02", "edit_date": "2024-02-02", "department": [1]}}, {"model": "census.providerlist", "pk": 5, "fields": {"is_active": true, "name": "Другое", "created_date": "2024-02-08", "edit_date": "2024-02-08", "department": [1]}}, {"model": "census.volume", "pk": 1, "fields": {"is_active": true, "name": "ГОСТ", "created_date": "2024-02-02", "edit_date": "2024-02-02", "department": [1]}}, {"model": "census.volume", "pk": 2, "fields": {"is_active": true, "name": "Фирма", "created_date": "2024-02-02", "edit_date": "2024-02-02", "department": [1]}}, {"model": "census.volume", "pk": 3, "fields": {"is_active": true, "name": "Фирма +", "created_date": "2024-02-02", "edit_date": "2024-02-02", "department": [1]}}, {"model": "census.volume", "pk": 4, "fields": {"is_active": true, "name": "Другое", "created_date": "2024-02-02", "edit_date": "2024-02-02", "department": [1]}}, {"model": "census.volumeitem", "pk": 20, "fields": {"census": 12, "volume": 1, "value": "14", "created_date": "2024-02-08", "edit_date": "2024-02-08"}}, {"model": "census.volumeitem", "pk": 21, "fields": {"census": 12, "volume": 4, "value": "23", "created_date": "2024-02-08", "edit_date": "2024-02-08"}}, {"model": "census.volumeitem", "pk": 30, "fields": {"census": 16, "volume": 1, "value": "14", "created_date": "2024-02-08", "edit_date": "2024-02-08"}}, {"model": "census.volumeitem", "pk": 31, "fields": {"census": 16, "volume": 2, "value": "3", "created_date": "2024-02-08", "edit_date": "2024-02-08"}}, {"model": "census.volumeitem", "pk": 32, "fields": {"census": 16, "volume": 3, "value": "2", "created_date": "2024-02-08", "edit_date": "2024-02-08"}}, {"model": "census.volumeitem", "pk": 33, "fields": {"census": 16, "volume": 4, "value": "23", "created_date": "2024-02-08", "edit_date": "2024-02-08"}}, {"model": "census.volumeitem", "pk": 34, "fields": {"census": 17, "volume": 1, "value": "50л", "created_date": "2024-02-08", "edit_date": "2024-02-08"}}, {"model": "census.volumeitem", "pk": 35, "fields": {"census": 17, "volume": 2, "value": "500", "created_date": "2024-02-08", "edit_date": "2024-02-08"}}, {"model": "census.volumeitem", "pk": 36, "fields": {"census": 17, "volume": 3, "value": "700", "created_date": "2024-02-08", "edit_date": "2024-02-08"}}, {"model": "census.volumeitem", "pk": 37, "fields": {"census": 17, "volume": 4, "value": "100", "created_date": "2024-02-08", "edit_date": "2024-02-08"}}, {"model": "census.equipmentlist", "pk": 1, "fields": {"is_active": true, "name": "Универсальные старые станки", "created_date": "2024-02-02", "edit_date": "2024-02-02", "department": [1]}}, {"model": "census.equipmentlist", "pk": 2, "fields": {"is_active": true, "name": "Современные ЧПУ и центры", "created_date": "2024-02-02", "edit_date": "2024-02-02", "department": [1]}}, {"model": "census.equipmentlist", "pk": 3, "fields": {"is_active": true, "name": "Теплообменники", "created_date": "2024-02-02", "edit_date": "2024-02-02", "department": [1]}}, {"model": "census.equipmentlist", "pk": 4, "fields": {"is_active": true, "name": "Другое", "created_date": "2024-02-08", "edit_date": "2024-02-08", "department": [1]}}, {"model": "census.pointvectorsselectitem", "pk": 1, "fields": {"is_active": true, "vectors": 1, "name": "ЛУКОЙЛ", "created_date": "2024-02-02", "edit_date": "2024-02-02", "department": [1]}}, {"model": "census.pointvectorsselectitem", "pk": 2, "fields": {"is_active": true, "vectors": 1, "name": "Motul", "created_date": "2024-02-02", "edit_date": "2024-02-02", "department": [1]}}, {"model": "census.pointvectorsselectitem", "pk": 3, "fields": {"is_active": true, "vectors": 2, "name": "MANN-FILTER", "created_date": "2024-02-02", "edit_date": "2024-02-02", "department": [1]}}, {"model": "census.pointvectorsselectitem", "pk": 4, "fields": {"is_active": true, "vectors": 2, "name": "SAKURA", "created_date": "2024-02-02", "edit_date": "2024-02-02", "department": [1]}}, {"model": "census.pointvectorsitem", "pk": 16, "fields": {"census": 12, "vectors": 1, "created_date": "2024-02-08", "edit_date": "2024-02-08", "value": [1, 2]}}, {"model": "census.pointvectorsitem", "pk": 17, "fields": {"census": 12, "vectors": 2, "created_date": "2024-02-08", "edit_date": "2024-02-08", "value": [3, 4]}}, {"model": "census.pointvectorsitem", "pk": 22, "fields": {"census": 16, "vectors": 1, "created_date": "2024-02-08", "edit_date": "2024-02-08", "value": [1, 2]}}, {"model": "census.pointvectorsitem", "pk": 23, "fields": {"census": 16, "vectors": 2, "created_date": "2024-02-08", "edit_date": "2024-02-08", "value": [3, 4]}}, {"model": "census.pointvectorsitem", "pk": 24, "fields": {"census": 17, "vectors": 1, "created_date": "2024-02-08", "edit_date": "2024-02-08", "value": [1, 2]}}, {"model": "census.pointvectorsitem", "pk": 25, "fields": {"census": 17, "vectors": 2, "created_date": "2024-02-08", "edit_date": "2024-02-08", "value": [3, 4]}}, {"model": "census.censusfiles", "pk": 7, "fields": {"census": 12, "created_date": "2024-02-08", "file": "uploads/Семинар_БИГ_Фильтр_новости_7nKC2xQ.jpg", "edited": false}}, {"model": "census.censusfiles", "pk": 10, "fields": {"census": 16, "created_date": "2024-02-08", "file": "uploads/Семинар_БИГ_Фильтр_новости_EkicQDw.jpg", "edited": false}}, {"model": "census.censusfiles", "pk": 11, "fields": {"census": 17, "created_date": "2024-02-08", "file": "uploads/Приложение_4_Проект_Контракта_масла.doc", "edited": false}}, {"model": "census.others", "pk": 5, "fields": {"census": 12, "equipment": "Other_eq", "vector": null, "access_brand": null, "providers": null, "volume_name": null, "volume_value": null}}, {"model": "census.others", "pk": 9, "fields": {"census": 16, "equipment": "Other_eq", "vector": "other_vector", "access_brand": null, "providers": "ХЗ", "volume_name": "Другое масло", "volume_value": "23"}}, {"model": "census.others", "pk": 10, "fields": {"census": 17, "equipment": null, "vector": "эджлжжд", "access_brand": null, "providers": "такие другие ", "volume_name": "Другое", "volume_value": "100"}}, {"model": "census.census", "pk": 1, "fields": {"address_id": 1, "department": 1, "address": "Казань, Калинина, 15к1", "name": "Под мостом", "point_name": null, "point_type": null, "nets": false, "sto_type": null, "category": null, "accessories_category": null, "elevators_count": 0, "oil_debit": null, "lukoil_debit": null, "rowe_debit": null, "motul_debit": null, "vitex_debit": null, "decision_firstname": null, "decision_lastname": null, "decision_surname": null, "decision_email": null, "decision_phone": null, "decision_function": null, "akb_specify": false, "working": null, "edit_date": "2024-02-08", "created_date": "2024-02-08", "edited": true, "result": 3, "task": "00000000001", "inn": null, "organizations_name": null, "tender": false, "closing": false, "not_communicate": true, "position": "55.796289,49.108795", "dadata": null, "others": null, "cars": [], "oils": [], "providers": [], "filters": [], "accessories_brands": [], "volume": [], "equipment": [], "vectors": []}}, {"model": "census.census", "pk": 12, "fields": {"address_id": 2, "department": 1, "address": "Казань, Калинина, 15к1", "name": "Под мостом", "point_name": "Motul", "point_type": null, "nets": false, "sto_type": null, "category": 1, "accessories_category": null, "elevators_count": 0, "oil_debit": null, "lukoil_debit": null, "rowe_debit": null, "motul_debit": null, "vitex_debit": null, "decision_firstname": "Артур", "decision_lastname": "Юмагулов", "decision_surname": "", "decision_email": "zico.13288@gmail.com", "decision_phone": "89999999995", "decision_function": "Директор", "akb_specify": false, "working": null, "edit_date": "2024-02-08", "created_date": "2024-02-08", "edited": true, "result": 19, "task": "00000000001", "inn": null, "organizations_name": null, "tender": true, "closing": false, "not_communicate": false, "position": "55.796289,49.108795", "dadata": null, "others": 5, "cars": [], "oils": [], "providers": [1], "filters": [], "accessories_brands": [], "volume": [20, 21], "equipment": [1, 4], "vectors": [16, 17]}}, {"model": "census.census", "pk": 16, "fields": {"address_id": 3, "department": 1, "address": "Казань, Калинина, 15к1", "name": "Под мостом", "point_name": "Motul", "point_type": null, "nets": false, "sto_type": null, "category": 1, "accessories_category": null, "elevators_count": 0, "oil_debit": null, "lukoil_debit": null, "rowe_debit": null, "motul_debit": null, "vitex_debit": null, "decision_firstname": "Артур", "decision_lastname": "Юмагулов", "decision_surname": "Иванова", "decision_email": "zico.13288@gmail.com", "decision_phone": "89999999995", "decision_function": "Директор", "akb_specify": false, "working": "00000000001", "edit_date": "2024-02-08", "created_date": "2024-02-08", "edited": true, "result": 23, "task": "00000000001", "inn": null, "organizations_name": null, "tender": true, "closing": false, "not_communicate": false, "position": "55.796289,49.108795", "dadata": null, "others": 9, "cars": [], "oils": [], "providers": [5, 1, 2, 3, 4], "filters": [], "accessories_brands": [], "volume": [30, 31, 32, 33], "equipment": [1, 2, 3, 4], "vectors": [22, 23]}}, {"model": "census.census", "pk": 17, "fields": {"address_id": 85, "department": 1, "address": "Казань, Калинина, 15к1", "name": "Под мостом", "point_name": "Ленин", "point_type": null, "nets": false, "sto_type": null, "category": 1, "accessories_category": null, "elevators_count": 0, "oil_debit": null, "lukoil_debit": null, "rowe_debit": null, "motul_debit": null, "vitex_debit": null, "decision_firstname": "Бочкарев", "decision_lastname": "Бочкарев", "decision_surname": "", "decision_email": "s.b2b6@tranzit-oil.com", "decision_phone": "79274131911", "decision_function": "прочее", "akb_specify": false, "working": null, "edit_date": "2024-02-08", "created_date": "2024-02-08", "edited": true, "result": 24, "task": "00000000001", "inn": null, "organizations_name": null, "tender": true, "closing": false, "not_communicate": false, "position": "55.796289,49.108795", "dadata": null, "others": 10, "cars": [], "oils": [], "providers": [5, 1, 2, 3, 4], "filters": [], "accessories_brands": [], "volume": [34, 35, 36, 37], "equipment": [1, 2], "vectors": [24, 25]}}, {"model": "admin.logentry", "pk": 1, "fields": {"action_time": "2024-02-02T14:07:11.746", "user": ["admin"], "content_type": ["tasks", "partner"], "object_id": "00000000001", "object_repr": "Ленин Владимир Ильич ИП", "action_flag": 1, "change_message": "[{\"added\": {}}]"}}, {"model": "admin.logentry", "pk": 2, "fields": {"action_time": "2024-02-02T14:19:37.137", "user": ["admin"], "content_type": ["tasks", "partner"], "object_id": "00000000001", "object_repr": "Ленин Владимир Ильич ИП", "action_flag": 2, "change_message": "[]"}}, {"model": "admin.logentry", "pk": 3, "fields": {"action_time": "2024-02-02T14:58:43.764", "user": ["admin"], "content_type": ["tasks", "resultgroup"], "object_id": "000000004", "object_repr": "Сенсус", "action_flag": 1, "change_message": "[{\"added\": {}}]"}}, {"model": "admin.logentry", "pk": 4, "fields": {"action_time": "2024-02-02T14:58:46.000", "user": ["admin"], "content_type": ["tasks", "basics"], "object_id": "00000000001", "object_repr": "Основание 1 00000000001 2024-02-02 14:55:02", "action_flag": 1, "change_message": "[{\"added\": {}}]"}}, {"model": "admin.logentry", "pk": 5, "fields": {"action_time": "2024-02-02T15:00:49.057", "user": ["admin"], "content_type": ["tasks", "partnerworker"], "object_id": "1", "object_repr": "Крупская Надежда Константиновна", "action_flag": 1, "change_message": "[{\"added\": {}}]"}}, {"model": "admin.logentry", "pk": 6, "fields": {"action_time": "2024-02-02T15:01:17.733", "user": ["admin"], "content_type": ["tasks", "worker"], "object_id": "ТСО007909", "object_repr": "Юмагулов Артур Ильгизович", "action_flag": 1, "change_message": "[{\"added\": {}}]"}}, {"model": "admin.logentry", "pk": 7, "fields": {"action_time": "2024-02-02T15:01:44.150", "user": ["admin"], "content_type": ["tasks", "worker"], "object_id": "ТСО007505", "object_repr": "Белов Павел Николаевич", "action_flag": 1, "change_message": "[{\"added\": {}}]"}}, {"model": "admin.logentry", "pk": 8, "fields": {"action_time": "2024-02-02T15:02:06.636", "user": ["admin"], "content_type": ["tasks", "resultdata"], "object_id": "000000067", "object_repr": "НЕТ КОНТАКТА", "action_flag": 1, "change_message": "[{\"added\": {}}]"}}, {"model": "admin.logentry", "pk": 9, "fields": {"action_time": "2024-02-02T15:02:16.514", "user": ["admin"], "content_type": ["tasks", "authorcomments"], "object_id": "1", "object_repr": "Работай Белов Павел Николаевич", "action_flag": 1, "change_message": "[{\"added\": {}}]"}}, {"model": "admin.logentry", "pk": 10, "fields": {"action_time": "2024-02-02T15:02:26.373", "user": ["admin"], "content_type": ["tasks", "workercomments"], "object_id": "1", "object_repr": "Хорошо Юмагулов Артур Ильгизович", "action_flag": 1, "change_message": "[{\"added\": {}}]"}}, {"model": "admin.logentry", "pk": 11, "fields": {"action_time": "2024-02-02T15:02:58.161", "user": ["admin"], "content_type": ["tasks", "task"], "object_id": "00000000001", "object_repr": "Задача 1 00000000001 2024-02-02 15:02:44", "action_flag": 1, "change_message": "[{\"added\": {}}]"}}, {"model": "admin.logentry", "pk": 12, "fields": {"action_time": "2024-02-02T15:49:33.821", "user": ["admin"], "content_type": ["census", "department"], "object_id": "1", "object_repr": "b2b", "action_flag": 1, "change_message": "[{\"added\": {}}]"}}, {"model": "admin.logentry", "pk": 13, "fields": {"action_time": "2024-02-02T15:49:39.332", "user": ["admin"], "content_type": ["census", "department"], "object_id": "2", "object_repr": "b2c", "action_flag": 1, "change_message": "[{\"added\": {}}]"}}, {"model": "admin.logentry", "pk": 14, "fields": {"action_time": "2024-02-02T15:55:25.073", "user": ["admin"], "content_type": ["census", "volume"], "object_id": "1", "object_repr": "ГОСТ", "action_flag": 1, "change_message": "[{\"added\": {}}]"}}, {"model": "admin.logentry", "pk": 15, "fields": {"action_time": "2024-02-02T15:57:07.349", "user": ["admin"], "content_type": ["census", "volume"], "object_id": "2", "object_repr": "Фирма", "action_flag": 1, "change_message": "[{\"added\": {}}]"}}, {"model": "admin.logentry", "pk": 16, "fields": {"action_time": "2024-02-02T15:57:16.009", "user": ["admin"], "content_type": ["census", "volume"], "object_id": "3", "object_repr": "Фирма +", "action_flag": 1, "change_message": "[{\"added\": {}}]"}}, {"model": "admin.logentry", "pk": 17, "fields": {"action_time": "2024-02-02T15:57:25.679", "user": ["admin"], "content_type": ["census", "volume"], "object_id": "4", "object_repr": "Другое", "action_flag": 1, "change_message": "[{\"added\": {}}]"}}, {"model": "admin.logentry", "pk": 18, "fields": {"action_time": "2024-02-02T15:57:59.998", "user": ["admin"], "content_type": ["census", "pointcategory"], "object_id": "1", "object_repr": "Добывающая промышленность", "action_flag": 1, "change_message": "[{\"added\": {}}]"}}, {"model": "admin.logentry", "pk": 19, "fields": {"action_time": "2024-02-02T15:58:07.594", "user": ["admin"], "content_type": ["census", "pointcategory"], "object_id": "2", "object_repr": "Легкая промышленность", "action_flag": 1, "change_message": "[{\"added\": {}}]"}}, {"model": "admin.logentry", "pk": 20, "fields": {"action_time": "2024-02-02T15:58:17.488", "user": ["admin"], "content_type": ["census", "pointcategory"], "object_id": "3", "object_repr": "Машиностроение", "action_flag": 1, "change_message": "[{\"added\": {}}]"}}, {"model": "admin.logentry", "pk": 21, "fields": {"action_time": "2024-02-02T15:59:29.458", "user": ["admin"], "content_type": ["census", "pointcategory"], "object_id": "4", "object_repr": "Сельское хозяйство", "action_flag": 1, "change_message": "[{\"added\": {}}]"}}, {"model": "admin.logentry", "pk": 22, "fields": {"action_time": "2024-02-02T16:02:11.137", "user": ["admin"], "content_type": ["census", "pointvectors"], "object_id": "1", "object_repr": "Масло", "action_flag": 1, "change_message": "[{\"added\": {}}]"}}, {"model": "admin.logentry", "pk": 23, "fields": {"action_time": "2024-02-02T16:02:21.882", "user": ["admin"], "content_type": ["census", "pointvectors"], "object_id": "2", "object_repr": "Фильтры", "action_flag": 1, "change_message": "[{\"added\": {}}]"}}, {"model": "admin.logentry", "pk": 24, "fields": {"action_time": "2024-02-02T16:03:23.433", "user": ["admin"], "content_type": ["census", "pointvectors"], "object_id": "3", "object_repr": "Другое", "action_flag": 1, "change_message": "[{\"added\": {}}]"}}, {"model": "admin.logentry", "pk": 25, "fields": {"action_time": "2024-02-02T16:04:26.880", "user": ["admin"], "content_type": ["census", "pointvectorsselectitem"], "object_id": "1", "object_repr": "ЛУКОЙЛ", "action_flag": 1, "change_message": "[{\"added\": {}}]"}}, {"model": "admin.logentry", "pk": 26, "fields": {"action_time": "2024-02-02T16:04:38.096", "user": ["admin"], "content_type": ["census", "pointvectorsselectitem"], "object_id": "2", "object_repr": "Motul", "action_flag": 1, "change_message": "[{\"added\": {}}]"}}, {"model": "admin.logentry", "pk": 27, "fields": {"action_time": "2024-02-02T16:04:55.567", "user": ["admin"], "content_type": ["census", "pointvectorsselectitem"], "object_id": "3", "object_repr": "MANN-FILTER", "action_flag": 1, "change_message": "[{\"added\": {}}]"}}, {"model": "admin.logentry", "pk": 28, "fields": {"action_time": "2024-02-02T16:05:04.001", "user": ["admin"], "content_type": ["census", "pointvectorsselectitem"], "object_id": "4", "object_repr": "SAKURA", "action_flag": 1, "change_message": "[{\"added\": {}}]"}}, {"model": "admin.logentry", "pk": 29, "fields": {"action_time": "2024-02-02T16:08:19.881", "user": ["admin"], "content_type": ["census", "equipmentlist"], "object_id": "1", "object_repr": "Универсальные старые станки", "action_flag": 1, "change_message": "[{\"added\": {}}]"}}, {"model": "admin.logentry", "pk": 30, "fields": {"action_time": "2024-02-02T16:08:29.881", "user": ["admin"], "content_type": ["census", "equipmentlist"], "object_id": "2", "object_repr": "Современные ЧПУ и центры", "action_flag": 1, "change_message": "[{\"added\": {}}]"}}, {"model": "admin.logentry", "pk": 31, "fields": {"action_time": "2024-02-02T16:08:37.559", "user": ["admin"], "content_type": ["census", "equipmentlist"], "object_id": "3", "object_repr": "Теплообменники", "action_flag": 1, "change_message": "[{\"added\": {}}]"}}, {"model": "admin.logentry", "pk": 32, "fields": {"action_time": "2024-02-02T16:11:34.408", "user": ["admin"], "content_type": ["census", "providerlist"], "object_id": "1", "object_repr": "Автомир", "action_flag": 1, "change_message": "[{\"added\": {}}]"}}, {"model": "admin.logentry", "pk": 33, "fields": {"action_time": "2024-02-02T16:11:50.824", "user": ["admin"], "content_type": ["census", "providerlist"], "object_id": "2", "object_repr": "Дизайн-групп", "action_flag": 1, "change_message": "[{\"added\": {}}]"}}, {"model": "admin.logentry", "pk": 34, "fields": {"action_time": "2024-02-02T16:12:01.192", "user": ["admin"], "content_type": ["census", "providerlist"], "object_id": "3", "object_repr": "Мегаойл", "action_flag": 1, "change_message": "[{\"added\": {}}]"}}, {"model": "admin.logentry", "pk": 35, "fields": {"action_time": "2024-02-02T16:12:10.119", "user": ["admin"], "content_type": ["census", "providerlist"], "object_id": "4", "object_repr": "Автохимсервис", "action_flag": 1, "change_message": "[{\"added\": {}}]"}}, {"model": "admin.logentry", "pk": 36, "fields": {"action_time": "2024-02-05T11:16:31.770", "user": ["admin"], "content_type": ["tasks", "resultdata"], "object_id": "000000068", "object_repr": "АДРЕС НЕ АКТУАЛЕН", "action_flag": 1, "change_message": "[{\"added\": {}}]"}}, {"model": "admin.logentry", "pk": 37, "fields": {"action_time": "2024-02-08T12:46:40.246", "user": ["admin"], "content_type": ["census", "census"], "object_id": "2", "object_repr": "2", "action_flag": 3, "change_message": ""}}, {"model": "admin.logentry", "pk": 38, "fields": {"action_time": "2024-02-08T12:49:24.388", "user": ["admin"], "content_type": ["census", "equipmentlist"], "object_id": "4", "object_repr": "Другое", "action_flag": 1, "change_message": "[{\"added\": {}}]"}}, {"model": "admin.logentry", "pk": 39, "fields": {"action_time": "2024-02-08T12:49:40.260", "user": ["admin"], "content_type": ["census", "census"], "object_id": "3", "object_repr": "2", "action_flag": 3, "change_message": ""}}, {"model": "admin.logentry", "pk": 40, "fields": {"action_time": "2024-02-08T13:28:46.029", "user": ["admin"], "content_type": ["census", "census"], "object_id": "4", "object_repr": "2", "action_flag": 3, "change_message": ""}}, {"model": "admin.logentry", "pk": 41, "fields": {"action_time": "2024-02-08T13:53:46.140", "user": ["admin"], "content_type": ["census", "census"], "object_id": "5", "object_repr": "2", "action_flag": 3, "change_message": ""}}, {"model": "admin.logentry", "pk": 42, "fields": {"action_time": "2024-02-08T14:48:22.476", "user": ["admin"], "content_type": ["census", "census"], "object_id": "6", "object_repr": "2", "action_flag": 3, "change_message": ""}}, {"model": "admin.logentry", "pk": 43, "fields": {"action_time": "2024-02-08T14:50:02.991", "user": ["admin"], "content_type": ["census", "census"], "object_id": "7", "object_repr": "2", "action_flag": 3, "change_message": ""}}, {"model": "admin.logentry", "pk": 44, "fields": {"action_time": "2024-02-08T14:51:46.663", "user": ["admin"], "content_type": ["census", "census"], "object_id": "8", "object_repr": "2", "action_flag": 3, "change_message": ""}}, {"model": "admin.logentry", "pk": 45, "fields": {"action_time": "2024-02-08T14:54:27.750", "user": ["admin"], "content_type": ["census", "census"], "object_id": "9", "object_repr": "2", "action_flag": 3, "change_message": ""}}, {"model": "admin.logentry", "pk": 46, "fields": {"action_time": "2024-02-08T14:57:03.616", "user": ["admin"], "content_type": ["census", "census"], "object_id": "10", "object_repr": "2", "action_flag": 2, "change_message": "[{\"changed\": {\"fields\": [\"Others\"]}}]"}}, {"model": "admin.logentry", "pk": 47, "fields": {"action_time": "2024-02-08T14:57:52.129", "user": ["admin"], "content_type": ["census", "census"], "object_id": "10", "object_repr": "2", "action_flag": 3, "change_message": ""}}, {"model": "admin.logentry", "pk": 48, "fields": {"action_time": "2024-02-08T14:58:41.287", "user": ["admin"], "content_type": ["census", "census"], "object_id": "11", "object_repr": "2", "action_flag": 3, "change_message": ""}}, {"model": "admin.logentry", "pk": 49, "fields": {"action_time": "2024-02-08T16:03:32.633", "user": ["admin"], "content_type": ["census", "providerlist"], "object_id": "5", "object_repr": "Другое", "action_flag": 1, "change_message": "[{\"added\": {}}]"}}, {"model": "admin.logentry", "pk": 50, "fields": {"action_time": "2024-02-08T16:08:06.243", "user": ["admin"], "content_type": ["census", "census"], "object_id": "13", "object_repr": "3", "action_flag": 3, "change_message": ""}}, {"model": "admin.logentry", "pk": 51, "fields": {"action_time": "2024-02-08T16:10:05.837", "user": ["admin"], "content_type": ["census", "census"], "object_id": "14", "object_repr": "3", "action_flag": 3, "change_message": ""}}, {"model": "admin.logentry", "pk": 52, "fields": {"action_time": "2024-02-08T16:11:17.131", "user": ["admin"], "content_type": ["census", "census"], "object_id": "15", "object_repr": "3", "action_flag": 3, "change_message": ""}}]